EMPRESA (SIGLA);EMPRESA (NOME);EMPRESA (NACIONALIDADE);ANO;MÊS;GRUPO DE VOO;PASSAGEIROS PAGOS
AZU;AZUL LINHAS AÉREAS BRASILEIRAS S/A;BRASILEIRA;2020;4;REGULAR;1041
AZU;AZUL LINHAS AÉREAS BRASILEIRAS S/A;BRASILEIRA;2020;4;REGULAR;1177
AZU;AZUL LINHAS AÉREAS BRASILEIRAS S/A;BRASILEIRA;2020;4;REGULAR;1081
AZU;AZUL LINHAS AÉREAS BRASILEIRAS S/A;BRASILEIRA;2020;4;REGULAR;0
AZU;AZUL LINHAS AÉREAS BRASILEIRAS S/A;BRASILEIRA;2020;4;REGULAR;261
AZU;AZUL LINHAS AÉREAS BRASILEIRAS S/A;BRASILEIRA;2020;4;REGULAR;3371
AZU;AZUL LINHAS AÉREAS BRASILEIRAS S/A;BRASILEIRA;2020;4;REGULAR;403
AZU;AZUL LINHAS AÉREAS BRASILEIRAS S/A;BRASILEIRA;2020;4;REGULAR;396
AZU;AZUL LINHAS AÉREAS BRASILEIRAS S/A;BRASILEIRA;2020;4;REGULAR;3745
AZU;AZUL LINHAS AÉREAS BRASILEIRAS S/A;BRASILEIRA;2020;4;REGULAR;187
AZU;AZUL LINHAS AÉREAS BRASILEIRAS S/A;BRASILEIRA;2020;4;REGULAR;6617
AZU;AZUL LINHAS AÉREAS BRASILEIRAS S/A;BRASILEIRA;2020;4;REGULAR;339
AZU;AZUL LINHAS AÉREAS BRASILEIRAS S/A;BRASILEIRA;2020;4;REGULAR;1369
AZU;AZUL LINHAS AÉREAS BRASILEIRAS S/A;BRASILEIRA;2020;4;REGULAR;709
AZU;AZUL LINHAS AÉREAS BRASILEIRAS S/A;BRASILEIRA;2020;4;REGULAR;598
AZU;AZUL LINHAS AÉREAS BRASILEIRAS S/A;BRASILEIRA;2020;4;REGULAR;1219
AZU;AZUL LINHAS AÉREAS BRASILEIRAS S/A;BRASILEIRA;2020;4;REGULAR;2602
AZU;AZUL LINHAS AÉREAS BRASILEIRAS S/A;BRASILEIRA;2020;4;REGULAR;6201
AZU;AZUL LINHAS AÉREAS BRASILEIRAS S/A;BRASILEIRA;2020;4;REGULAR;146
AZU;AZUL LINHAS AÉREAS BRASILEIRAS S/A;BRASILEIRA;2020;4;REGULAR;2337
AZU;AZUL LINHAS AÉREAS BRASILEIRAS S/A;BRASILEIRA;2020;4;REGULAR;364
AZU;AZUL LINHAS AÉREAS BRASILEIRAS S/A;BRASILEIRA;2020;4;REGULAR;427
AZU;AZUL LINHAS AÉREAS BRASILEIRAS S/A;BRASILEIRA;2020;4;REGULAR;196
AZU;AZUL LINHAS AÉREAS BRASILEIRAS S/A;BRASILEIRA;2020;4;REGULAR;3559
AZU;AZUL LINHAS AÉREAS BRASILEIRAS S/A;BRASILEIRA;2020;4;REGULAR;587
AZU;AZUL LINHAS AÉREAS BRASILEIRAS S/A;BRASILEIRA;2020;4;REGULAR;118
AZU;AZUL LINHAS AÉREAS BRASILEIRAS S/A;BRASILEIRA;2020;4;REGULAR;258
AZU;AZUL LINHAS AÉREAS BRASILEIRAS S/A;BRASILEIRA;2020;4;REGULAR;417
AZU;AZUL LINHAS AÉREAS BRASILEIRAS S/A;BRASILEIRA;2020;4;REGULAR;3203
AZU;AZUL LINHAS AÉREAS BRASILEIRAS S/A;BRASILEIRA;2020;4;REGULAR;477
AZU;AZUL LINHAS AÉREAS BRASILEIRAS S/A;BRASILEIRA;2020;4;REGULAR;0
AZU;AZUL LINHAS AÉREAS BRASILEIRAS S/A;BRASILEIRA;2020;4;REGULAR;2345
AZU;AZUL LINHAS AÉREAS BRASILEIRAS S/A;BRASILEIRA;2020;4;REGULAR;426
AZU;AZUL LINHAS AÉREAS BRASILEIRAS S/A;BRASILEIRA;2020;4;REGULAR;1355
AZU;AZUL LINHAS AÉREAS BRASILEIRAS S/A;BRASILEIRA;2020;4;REGULAR;408
AZU;AZUL LINHAS AÉREAS BRASILEIRAS S/A;BRASILEIRA;2020;4;REGULAR;292
AZU;AZUL LINHAS AÉREAS BRASILEIRAS S/A;BRASILEIRA;2020;4;REGULAR;865
AZU;AZUL LINHAS AÉREAS BRASILEIRAS S/A;BRASILEIRA;2020;4;REGULAR;3915
AZU;AZUL LINHAS AÉREAS BRASILEIRAS S/A;BRASILEIRA;2020;4;REGULAR;3995
AZU;AZUL LINHAS AÉREAS BRASILEIRAS S/A;BRASILEIRA;2020;4;REGULAR;0
AZU;AZUL LINHAS AÉREAS BRASILEIRAS S/A;BRASILEIRA;2020;4;REGULAR;6824
AZU;AZUL LINHAS AÉREAS BRASILEIRAS S/A;BRASILEIRA;2020;4;REGULAR;1887
AZU;AZUL LINHAS AÉREAS BRASILEIRAS S/A;BRASILEIRA;2020;4;REGULAR;5901
AZU;AZUL LINHAS AÉREAS BRASILEIRAS S/A;BRASILEIRA;2020;4;REGULAR;2272
AZU;AZUL LINHAS AÉREAS BRASILEIRAS S/A;BRASILEIRA;2020;4;REGULAR;2702
AZU;AZUL LINHAS AÉREAS BRASILEIRAS S/A;BRASILEIRA;2020;4;REGULAR;3111
AZU;AZUL LINHAS AÉREAS BRASILEIRAS S/A;BRASILEIRA;2020;4;REGULAR;2764
AZU;AZUL LINHAS AÉREAS BRASILEIRAS S/A;BRASILEIRA;2020;4;REGULAR;6500
AZU;AZUL LINHAS AÉREAS BRASILEIRAS S/A;BRASILEIRA;2020;4;REGULAR;706
AZU;AZUL LINHAS AÉREAS BRASILEIRAS S/A;BRASILEIRA;2020;4;REGULAR;2134
AZU;AZUL LINHAS AÉREAS BRASILEIRAS S/A;BRASILEIRA;2020;4;REGULAR;9701
AZU;AZUL LINHAS AÉREAS BRASILEIRAS S/A;BRASILEIRA;2020;4;REGULAR;7808
AZU;AZUL LINHAS AÉREAS BRASILEIRAS S/A;BRASILEIRA;2020;4;REGULAR;2025
AZU;AZUL LINHAS AÉREAS BRASILEIRAS S/A;BRASILEIRA;2020;4;REGULAR;3367
AZU;AZUL LINHAS AÉREAS BRASILEIRAS S/A;BRASILEIRA;2020;4;REGULAR;2473
AZU;AZUL LINHAS AÉREAS BRASILEIRAS S/A;BRASILEIRA;2020;4;REGULAR;283
AZU;AZUL LINHAS AÉREAS BRASILEIRAS S/A;BRASILEIRA;2020;4;REGULAR;158
AZU;AZUL LINHAS AÉREAS BRASILEIRAS S/A;BRASILEIRA;2020;4;REGULAR;21
AZU;AZUL LINHAS AÉREAS BRASILEIRAS S/A;BRASILEIRA;2020;4;REGULAR;6628
AZU;AZUL LINHAS AÉREAS BRASILEIRAS S/A;BRASILEIRA;2020;4;REGULAR;386
AZU;AZUL LINHAS AÉREAS BRASILEIRAS S/A;BRASILEIRA;2020;4;REGULAR;615
AZU;AZUL LINHAS AÉREAS BRASILEIRAS S/A;BRASILEIRA;2020;4;REGULAR;791
AZU;AZUL LINHAS AÉREAS BRASILEIRAS S/A;BRASILEIRA;2020;4;REGULAR;226
AZU;AZUL LINHAS AÉREAS BRASILEIRAS S/A;BRASILEIRA;2020;4;REGULAR;1604
AZU;AZUL LINHAS AÉREAS BRASILEIRAS S/A;BRASILEIRA;2020;4;REGULAR;0
AZU;AZUL LINHAS AÉREAS BRASILEIRAS S/A;BRASILEIRA;2020;4;REGULAR;734
AZU;AZUL LINHAS AÉREAS BRASILEIRAS S/A;BRASILEIRA;2020;4;REGULAR;510
AZU;AZUL LINHAS AÉREAS BRASILEIRAS S/A;BRASILEIRA;2020;4;REGULAR;168
AZU;AZUL LINHAS AÉREAS BRASILEIRAS S/A;BRASILEIRA;2020;4;REGULAR;0
AZU;AZUL LINHAS AÉREAS BRASILEIRAS S/A;BRASILEIRA;2020;4;REGULAR;1358
AZU;AZUL LINHAS AÉREAS BRASILEIRAS S/A;BRASILEIRA;2020;4;REGULAR;9423
AZU;AZUL LINHAS AÉREAS BRASILEIRAS S/A;BRASILEIRA;2020;4;REGULAR;925
AZU;AZUL LINHAS AÉREAS BRASILEIRAS S/A;BRASILEIRA;2020;4;REGULAR;944
AZU;AZUL LINHAS AÉREAS BRASILEIRAS S/A;BRASILEIRA;2020;4;REGULAR;889
AZU;AZUL LINHAS AÉREAS BRASILEIRAS S/A;BRASILEIRA;2020;4;REGULAR;1352
AZU;AZUL LINHAS AÉREAS BRASILEIRAS S/A;BRASILEIRA;2020;4;REGULAR;8259
AZU;AZUL LINHAS AÉREAS BRASILEIRAS S/A;BRASILEIRA;2020;4;REGULAR;564
AZU;AZUL LINHAS AÉREAS BRASILEIRAS S/A;BRASILEIRA;2020;4;REGULAR;1365
AZU;AZUL LINHAS AÉREAS BRASILEIRAS S/A;BRASILEIRA;2020;4;REGULAR;641
AZU;AZUL LINHAS AÉREAS BRASILEIRAS S/A;BRASILEIRA;2020;4;REGULAR;0
AZU;AZUL LINHAS AÉREAS BRASILEIRAS S/A;BRASILEIRA;2020;4;REGULAR;103
AZU;AZUL LINHAS AÉREAS BRASILEIRAS S/A;BRASILEIRA;2020;4;REGULAR;906
AZU;AZUL LINHAS AÉREAS BRASILEIRAS S/A;BRASILEIRA;2020;4;REGULAR;2579
AZU;AZUL LINHAS AÉREAS BRASILEIRAS S/A;BRASILEIRA;2020;4;REGULAR;998
AZU;AZUL LINHAS AÉREAS BRASILEIRAS S/A;BRASILEIRA;2020;4;REGULAR;144
AZU;AZUL LINHAS AÉREAS BRASILEIRAS S/A;BRASILEIRA;2020;4;REGULAR;7
AZU;AZUL LINHAS AÉREAS BRASILEIRAS S/A;BRASILEIRA;2020;4;REGULAR;194
AZU;AZUL LINHAS AÉREAS BRASILEIRAS S/A;BRASILEIRA;2020;4;REGULAR;496
AZU;AZUL LINHAS AÉREAS BRASILEIRAS S/A;BRASILEIRA;2020;4;REGULAR;1078
AZU;AZUL LINHAS AÉREAS BRASILEIRAS S/A;BRASILEIRA;2020;4;REGULAR;2210
AZU;AZUL LINHAS AÉREAS BRASILEIRAS S/A;BRASILEIRA;2020;4;REGULAR;12
AZU;AZUL LINHAS AÉREAS BRASILEIRAS S/A;BRASILEIRA;2020;5;REGULAR;0
AZU;AZUL LINHAS AÉREAS BRASILEIRAS S/A;BRASILEIRA;2020;5;REGULAR;0
AZU;AZUL LINHAS AÉREAS BRASILEIRAS S/A;BRASILEIRA;2020;5;REGULAR;0
AZU;AZUL LINHAS AÉREAS BRASILEIRAS S/A;BRASILEIRA;2020;5;REGULAR;1756
AZU;AZUL LINHAS AÉREAS BRASILEIRAS S/A;BRASILEIRA;2020;5;REGULAR;1041
AZU;AZUL LINHAS AÉREAS BRASILEIRAS S/A;BRASILEIRA;2020;5;REGULAR;1203
AZU;AZUL LINHAS AÉREAS BRASILEIRAS S/A;BRASILEIRA;2020;5;REGULAR;1
AZU;AZUL LINHAS AÉREAS BRASILEIRAS S/A;BRASILEIRA;2020;5;REGULAR;100
AZU;AZUL LINHAS AÉREAS BRASILEIRAS S/A;BRASILEIRA;2020;5;REGULAR;210
AZU;AZUL LINHAS AÉREAS BRASILEIRAS S/A;BRASILEIRA;2020;5;REGULAR;4899
AZU;AZUL LINHAS AÉREAS BRASILEIRAS S/A;BRASILEIRA;2020;5;REGULAR;506
AZU;AZUL LINHAS AÉREAS BRASILEIRAS S/A;BRASILEIRA;2020;5;REGULAR;1624
AZU;AZUL LINHAS AÉREAS BRASILEIRAS S/A;BRASILEIRA;2020;5;REGULAR;1280
AZU;AZUL LINHAS AÉREAS BRASILEIRAS S/A;BRASILEIRA;2020;5;REGULAR;163
AZU;AZUL LINHAS AÉREAS BRASILEIRAS S/A;BRASILEIRA;2020;5;REGULAR;1148
AZU;AZUL LINHAS AÉREAS BRASILEIRAS S/A;BRASILEIRA;2020;5;REGULAR;207
AZU;AZUL LINHAS AÉREAS BRASILEIRAS S/A;BRASILEIRA;2020;5;REGULAR;5595
AZU;AZUL LINHAS AÉREAS BRASILEIRAS S/A;BRASILEIRA;2020;5;REGULAR;944
AZU;AZUL LINHAS AÉREAS BRASILEIRAS S/A;BRASILEIRA;2020;5;REGULAR;138
AZU;AZUL LINHAS AÉREAS BRASILEIRAS S/A;BRASILEIRA;2020;5;REGULAR;803
AZU;AZUL LINHAS AÉREAS BRASILEIRAS S/A;BRASILEIRA;2020;5;REGULAR;663
AZU;AZUL LINHAS AÉREAS BRASILEIRAS S/A;BRASILEIRA;2020;5;REGULAR;9145
AZU;AZUL LINHAS AÉREAS BRASILEIRAS S/A;BRASILEIRA;2020;5;REGULAR;368
AZU;AZUL LINHAS AÉREAS BRASILEIRAS S/A;BRASILEIRA;2020;5;REGULAR;1126
AZU;AZUL LINHAS AÉREAS BRASILEIRAS S/A;BRASILEIRA;2020;5;REGULAR;2182
AZU;AZUL LINHAS AÉREAS BRASILEIRAS S/A;BRASILEIRA;2020;5;REGULAR;839
AZU;AZUL LINHAS AÉREAS BRASILEIRAS S/A;BRASILEIRA;2020;5;REGULAR;1215
AZU;AZUL LINHAS AÉREAS BRASILEIRAS S/A;BRASILEIRA;2020;5;REGULAR;2830
AZU;AZUL LINHAS AÉREAS BRASILEIRAS S/A;BRASILEIRA;2020;5;REGULAR;261
AZU;AZUL LINHAS AÉREAS BRASILEIRAS S/A;BRASILEIRA;2020;5;REGULAR;530
AZU;AZUL LINHAS AÉREAS BRASILEIRAS S/A;BRASILEIRA;2020;5;REGULAR;8590
AZU;AZUL LINHAS AÉREAS BRASILEIRAS S/A;BRASILEIRA;2020;5;REGULAR;166
AZU;AZUL LINHAS AÉREAS BRASILEIRAS S/A;BRASILEIRA;2020;5;REGULAR;685
AZU;AZUL LINHAS AÉREAS BRASILEIRAS S/A;BRASILEIRA;2020;5;REGULAR;6154
AZU;AZUL LINHAS AÉREAS BRASILEIRAS S/A;BRASILEIRA;2020;5;REGULAR;1036
AZU;AZUL LINHAS AÉREAS BRASILEIRAS S/A;BRASILEIRA;2020;5;REGULAR;764
AZU;AZUL LINHAS AÉREAS BRASILEIRAS S/A;BRASILEIRA;2020;5;REGULAR;118
AZU;AZUL LINHAS AÉREAS BRASILEIRAS S/A;BRASILEIRA;2020;5;REGULAR;221
AZU;AZUL LINHAS AÉREAS BRASILEIRAS S/A;BRASILEIRA;2020;5;REGULAR;4101
AZU;AZUL LINHAS AÉREAS BRASILEIRAS S/A;BRASILEIRA;2020;5;REGULAR;77
AZU;AZUL LINHAS AÉREAS BRASILEIRAS S/A;BRASILEIRA;2020;5;REGULAR;2060
AZU;AZUL LINHAS AÉREAS BRASILEIRAS S/A;BRASILEIRA;2020;5;REGULAR;237
AZU;AZUL LINHAS AÉREAS BRASILEIRAS S/A;BRASILEIRA;2020;5;REGULAR;4743
AZU;AZUL LINHAS AÉREAS BRASILEIRAS S/A;BRASILEIRA;2020;5;REGULAR;138
AZU;AZUL LINHAS AÉREAS BRASILEIRAS S/A;BRASILEIRA;2020;5;REGULAR;0
AZU;AZUL LINHAS AÉREAS BRASILEIRAS S/A;BRASILEIRA;2020;5;REGULAR;3497
AZU;AZUL LINHAS AÉREAS BRASILEIRAS S/A;BRASILEIRA;2020;5;REGULAR;4331
AZU;AZUL LINHAS AÉREAS BRASILEIRAS S/A;BRASILEIRA;2020;5;REGULAR;267
AZU;AZUL LINHAS AÉREAS BRASILEIRAS S/A;BRASILEIRA;2020;5;REGULAR;1475
AZU;AZUL LINHAS AÉREAS BRASILEIRAS S/A;BRASILEIRA;2020;5;REGULAR;0
AZU;AZUL LINHAS AÉREAS BRASILEIRAS S/A;BRASILEIRA;2020;5;REGULAR;1359
AZU;AZUL LINHAS AÉREAS BRASILEIRAS S/A;BRASILEIRA;2020;5;REGULAR;707
AZU;AZUL LINHAS AÉREAS BRASILEIRAS S/A;BRASILEIRA;2020;5;REGULAR;945
AZU;AZUL LINHAS AÉREAS BRASILEIRAS S/A;BRASILEIRA;2020;5;REGULAR;4795
AZU;AZUL LINHAS AÉREAS BRASILEIRAS S/A;BRASILEIRA;2020;5;REGULAR;5823
AZU;AZUL LINHAS AÉREAS BRASILEIRAS S/A;BRASILEIRA;2020;5;REGULAR;766
AZU;AZUL LINHAS AÉREAS BRASILEIRAS S/A;BRASILEIRA;2020;5;REGULAR;9807
AZU;AZUL LINHAS AÉREAS BRASILEIRAS S/A;BRASILEIRA;2020;5;REGULAR;2704
AZU;AZUL LINHAS AÉREAS BRASILEIRAS S/A;BRASILEIRA;2020;5;REGULAR;563
AZU;AZUL LINHAS AÉREAS BRASILEIRAS S/A;BRASILEIRA;2020;5;REGULAR;9334
AZU;AZUL LINHAS AÉREAS BRASILEIRAS S/A;BRASILEIRA;2020;5;REGULAR;6730
AZU;AZUL LINHAS AÉREAS BRASILEIRAS S/A;BRASILEIRA;2020;5;REGULAR;3007
AZU;AZUL LINHAS AÉREAS BRASILEIRAS S/A;BRASILEIRA;2020;5;REGULAR;1475
AZU;AZUL LINHAS AÉREAS BRASILEIRAS S/A;BRASILEIRA;2020;5;REGULAR;5346
AZU;AZUL LINHAS AÉREAS BRASILEIRAS S/A;BRASILEIRA;2020;5;REGULAR;0
AZU;AZUL LINHAS AÉREAS BRASILEIRAS S/A;BRASILEIRA;2020;5;REGULAR;2719
AZU;AZUL LINHAS AÉREAS BRASILEIRAS S/A;BRASILEIRA;2020;5;REGULAR;1289
AZU;AZUL LINHAS AÉREAS BRASILEIRAS S/A;BRASILEIRA;2020;5;REGULAR;21
AZU;AZUL LINHAS AÉREAS BRASILEIRAS S/A;BRASILEIRA;2020;5;REGULAR;494
AZU;AZUL LINHAS AÉREAS BRASILEIRAS S/A;BRASILEIRA;2020;5;REGULAR;2832
AZU;AZUL LINHAS AÉREAS BRASILEIRAS S/A;BRASILEIRA;2020;5;REGULAR;9319
AZU;AZUL LINHAS AÉREAS BRASILEIRAS S/A;BRASILEIRA;2020;5;REGULAR;2099
AZU;AZUL LINHAS AÉREAS BRASILEIRAS S/A;BRASILEIRA;2020;5;REGULAR;12140
AZU;AZUL LINHAS AÉREAS BRASILEIRAS S/A;BRASILEIRA;2020;5;REGULAR;9135
AZU;AZUL LINHAS AÉREAS BRASILEIRAS S/A;BRASILEIRA;2020;5;REGULAR;138
AZU;AZUL LINHAS AÉREAS BRASILEIRAS S/A;BRASILEIRA;2020;5;REGULAR;723
AZU;AZUL LINHAS AÉREAS BRASILEIRAS S/A;BRASILEIRA;2020;5;REGULAR;6132
AZU;AZUL LINHAS AÉREAS BRASILEIRAS S/A;BRASILEIRA;2020;5;REGULAR;1987
AZU;AZUL LINHAS AÉREAS BRASILEIRAS S/A;BRASILEIRA;2020;5;REGULAR;37
AZU;AZUL LINHAS AÉREAS BRASILEIRAS S/A;BRASILEIRA;2020;5;REGULAR;3649
AZU;AZUL LINHAS AÉREAS BRASILEIRAS S/A;BRASILEIRA;2020;5;REGULAR;1134
AZU;AZUL LINHAS AÉREAS BRASILEIRAS S/A;BRASILEIRA;2020;5;REGULAR;641
AZU;AZUL LINHAS AÉREAS BRASILEIRAS S/A;BRASILEIRA;2020;5;REGULAR;400
AZU;AZUL LINHAS AÉREAS BRASILEIRAS S/A;BRASILEIRA;2020;5;REGULAR;1585
AZU;AZUL LINHAS AÉREAS BRASILEIRAS S/A;BRASILEIRA;2020;5;REGULAR;484
AZU;AZUL LINHAS AÉREAS BRASILEIRAS S/A;BRASILEIRA;2020;5;REGULAR;2959
AZU;AZUL LINHAS AÉREAS BRASILEIRAS S/A;BRASILEIRA;2020;5;REGULAR;8770
AZU;AZUL LINHAS AÉREAS BRASILEIRAS S/A;BRASILEIRA;2020;5;REGULAR;454
AZU;AZUL LINHAS AÉREAS BRASILEIRAS S/A;BRASILEIRA;2020;5;REGULAR;985
AZU;AZUL LINHAS AÉREAS BRASILEIRAS S/A;BRASILEIRA;2020;5;REGULAR;1097
AZU;AZUL LINHAS AÉREAS BRASILEIRAS S/A;BRASILEIRA;2020;5;REGULAR;1198
AZU;AZUL LINHAS AÉREAS BRASILEIRAS S/A;BRASILEIRA;2020;5;REGULAR;2088
AZU;AZUL LINHAS AÉREAS BRASILEIRAS S/A;BRASILEIRA;2020;5;REGULAR;0
AZU;AZUL LINHAS AÉREAS BRASILEIRAS S/A;BRASILEIRA;2020;5;REGULAR;1050
AZU;AZUL LINHAS AÉREAS BRASILEIRAS S/A;BRASILEIRA;2020;5;REGULAR;1204
AZU;AZUL LINHAS AÉREAS BRASILEIRAS S/A;BRASILEIRA;2020;5;REGULAR;0
AZU;AZUL LINHAS AÉREAS BRASILEIRAS S/A;BRASILEIRA;2020;5;REGULAR;3723
AZU;AZUL LINHAS AÉREAS BRASILEIRAS S/A;BRASILEIRA;2020;5;REGULAR;1759
AZU;AZUL LINHAS AÉREAS BRASILEIRAS S/A;BRASILEIRA;2020;5;REGULAR;11705
AZU;AZUL LINHAS AÉREAS BRASILEIRAS S/A;BRASILEIRA;2020;5;REGULAR;1170
AZU;AZUL LINHAS AÉREAS BRASILEIRAS S/A;BRASILEIRA;2020;5;REGULAR;350
AZU;AZUL LINHAS AÉREAS BRASILEIRAS S/A;BRASILEIRA;2020;5;REGULAR;106
AZU;AZUL LINHAS AÉREAS BRASILEIRAS S/A;BRASILEIRA;2020;5;REGULAR;1281
AZU;AZUL LINHAS AÉREAS BRASILEIRAS S/A;BRASILEIRA;2020;5;REGULAR;1535
AZU;AZUL LINHAS AÉREAS BRASILEIRAS S/A;BRASILEIRA;2020;5;REGULAR;10922
AZU;AZUL LINHAS AÉREAS BRASILEIRAS S/A;BRASILEIRA;2020;5;REGULAR;140
AZU;AZUL LINHAS AÉREAS BRASILEIRAS S/A;BRASILEIRA;2020;5;REGULAR;185
AZU;AZUL LINHAS AÉREAS BRASILEIRAS S/A;BRASILEIRA;2020;5;REGULAR;1925
AZU;AZUL LINHAS AÉREAS BRASILEIRAS S/A;BRASILEIRA;2020;5;REGULAR;174
AZU;AZUL LINHAS AÉREAS BRASILEIRAS S/A;BRASILEIRA;2020;5;REGULAR;275
AZU;AZUL LINHAS AÉREAS BRASILEIRAS S/A;BRASILEIRA;2020;5;REGULAR;0
AZU;AZUL LINHAS AÉREAS BRASILEIRAS S/A;BRASILEIRA;2020;5;REGULAR;941
AZU;AZUL LINHAS AÉREAS BRASILEIRAS S/A;BRASILEIRA;2020;5;REGULAR;121
AZU;AZUL LINHAS AÉREAS BRASILEIRAS S/A;BRASILEIRA;2020;5;REGULAR;557
AZU;AZUL LINHAS AÉREAS BRASILEIRAS S/A;BRASILEIRA;2020;5;REGULAR;5558
AZU;AZUL LINHAS AÉREAS BRASILEIRAS S/A;BRASILEIRA;2020;5;REGULAR;1185
AZU;AZUL LINHAS AÉREAS BRASILEIRAS S/A;BRASILEIRA;2020;5;REGULAR;1730
AZU;AZUL LINHAS AÉREAS BRASILEIRAS S/A;BRASILEIRA;2020;5;REGULAR;780
AZU;AZUL LINHAS AÉREAS BRASILEIRAS S/A;BRASILEIRA;2020;5;REGULAR;1066
AZU;AZUL LINHAS AÉREAS BRASILEIRAS S/A;BRASILEIRA;2020;5;REGULAR;3437
AZU;AZUL LINHAS AÉREAS BRASILEIRAS S/A;BRASILEIRA;2020;5;REGULAR;102
AZU;AZUL LINHAS AÉREAS BRASILEIRAS S/A;BRASILEIRA;2020;5;REGULAR;682
AZU;AZUL LINHAS AÉREAS BRASILEIRAS S/A;BRASILEIRA;2020;5;REGULAR;0
AZU;AZUL LINHAS AÉREAS BRASILEIRAS S/A;BRASILEIRA;2020;5;REGULAR;0
AZU;AZUL LINHAS AÉREAS BRASILEIRAS S/A;BRASILEIRA;2020;6;REGULAR;3401
AZU;AZUL LINHAS AÉREAS BRASILEIRAS S/A;BRASILEIRA;2020;6;REGULAR;2171
AZU;AZUL LINHAS AÉREAS BRASILEIRAS S/A;BRASILEIRA;2020;6;REGULAR;3
AZU;AZUL LINHAS AÉREAS BRASILEIRAS S/A;BRASILEIRA;2020;6;REGULAR;536
AZU;AZUL LINHAS AÉREAS BRASILEIRAS S/A;BRASILEIRA;2020;6;REGULAR;572
AZU;AZUL LINHAS AÉREAS BRASILEIRAS S/A;BRASILEIRA;2020;6;REGULAR;657
AZU;AZUL LINHAS AÉREAS BRASILEIRAS S/A;BRASILEIRA;2020;6;REGULAR;6170
AZU;AZUL LINHAS AÉREAS BRASILEIRAS S/A;BRASILEIRA;2020;6;REGULAR;1445
AZU;AZUL LINHAS AÉREAS BRASILEIRAS S/A;BRASILEIRA;2020;6;REGULAR;2585
AZU;AZUL LINHAS AÉREAS BRASILEIRAS S/A;BRASILEIRA;2020;6;REGULAR;1530
AZU;AZUL LINHAS AÉREAS BRASILEIRAS S/A;BRASILEIRA;2020;6;REGULAR;527
AZU;AZUL LINHAS AÉREAS BRASILEIRAS S/A;BRASILEIRA;2020;6;REGULAR;1561
AZU;AZUL LINHAS AÉREAS BRASILEIRAS S/A;BRASILEIRA;2020;6;REGULAR;550
AZU;AZUL LINHAS AÉREAS BRASILEIRAS S/A;BRASILEIRA;2020;6;REGULAR;6867
AZU;AZUL LINHAS AÉREAS BRASILEIRAS S/A;BRASILEIRA;2020;6;REGULAR;1913
AZU;AZUL LINHAS AÉREAS BRASILEIRAS S/A;BRASILEIRA;2020;6;REGULAR;495
AZU;AZUL LINHAS AÉREAS BRASILEIRAS S/A;BRASILEIRA;2020;6;REGULAR;492
AZU;AZUL LINHAS AÉREAS BRASILEIRAS S/A;BRASILEIRA;2020;6;REGULAR;879
AZU;AZUL LINHAS AÉREAS BRASILEIRAS S/A;BRASILEIRA;2020;6;REGULAR;1509
AZU;AZUL LINHAS AÉREAS BRASILEIRAS S/A;BRASILEIRA;2020;6;REGULAR;11794
AZU;AZUL LINHAS AÉREAS BRASILEIRAS S/A;BRASILEIRA;2020;6;REGULAR;667
AZU;AZUL LINHAS AÉREAS BRASILEIRAS S/A;BRASILEIRA;2020;6;REGULAR;2176
AZU;AZUL LINHAS AÉREAS BRASILEIRAS S/A;BRASILEIRA;2020;6;REGULAR;2834
AZU;AZUL LINHAS AÉREAS BRASILEIRAS S/A;BRASILEIRA;2020;6;REGULAR;2235
AZU;AZUL LINHAS AÉREAS BRASILEIRAS S/A;BRASILEIRA;2020;6;REGULAR;844
AZU;AZUL LINHAS AÉREAS BRASILEIRAS S/A;BRASILEIRA;2020;6;REGULAR;1452
AZU;AZUL LINHAS AÉREAS BRASILEIRAS S/A;BRASILEIRA;2020;6;REGULAR;4178
AZU;AZUL LINHAS AÉREAS BRASILEIRAS S/A;BRASILEIRA;2020;6;REGULAR;637
AZU;AZUL LINHAS AÉREAS BRASILEIRAS S/A;BRASILEIRA;2020;6;REGULAR;738
AZU;AZUL LINHAS AÉREAS BRASILEIRAS S/A;BRASILEIRA;2020;6;REGULAR;10598
AZU;AZUL LINHAS AÉREAS BRASILEIRAS S/A;BRASILEIRA;2020;6;REGULAR;661
AZU;AZUL LINHAS AÉREAS BRASILEIRAS S/A;BRASILEIRA;2020;6;REGULAR;1709
AZU;AZUL LINHAS AÉREAS BRASILEIRAS S/A;BRASILEIRA;2020;6;REGULAR;6157
AZU;AZUL LINHAS AÉREAS BRASILEIRAS S/A;BRASILEIRA;2020;6;REGULAR;1440
AZU;AZUL LINHAS AÉREAS BRASILEIRAS S/A;BRASILEIRA;2020;6;REGULAR;164
AZU;AZUL LINHAS AÉREAS BRASILEIRAS S/A;BRASILEIRA;2020;6;REGULAR;1092
AZU;AZUL LINHAS AÉREAS BRASILEIRAS S/A;BRASILEIRA;2020;6;REGULAR;1457
AZU;AZUL LINHAS AÉREAS BRASILEIRAS S/A;BRASILEIRA;2020;6;REGULAR;439
AZU;AZUL LINHAS AÉREAS BRASILEIRAS S/A;BRASILEIRA;2020;6;REGULAR;5203
AZU;AZUL LINHAS AÉREAS BRASILEIRAS S/A;BRASILEIRA;2020;6;REGULAR;1960
AZU;AZUL LINHAS AÉREAS BRASILEIRAS S/A;BRASILEIRA;2020;6;REGULAR;632
AZU;AZUL LINHAS AÉREAS BRASILEIRAS S/A;BRASILEIRA;2020;6;REGULAR;6243
AZU;AZUL LINHAS AÉREAS BRASILEIRAS S/A;BRASILEIRA;2020;6;REGULAR;93
AZU;AZUL LINHAS AÉREAS BRASILEIRAS S/A;BRASILEIRA;2020;6;REGULAR;103
AZU;AZUL LINHAS AÉREAS BRASILEIRAS S/A;BRASILEIRA;2020;6;REGULAR;0
AZU;AZUL LINHAS AÉREAS BRASILEIRAS S/A;BRASILEIRA;2020;6;REGULAR;1817
AZU;AZUL LINHAS AÉREAS BRASILEIRAS S/A;BRASILEIRA;2020;6;REGULAR;3523
AZU;AZUL LINHAS AÉREAS BRASILEIRAS S/A;BRASILEIRA;2020;6;REGULAR;5230
AZU;AZUL LINHAS AÉREAS BRASILEIRAS S/A;BRASILEIRA;2020;6;REGULAR;320
AZU;AZUL LINHAS AÉREAS BRASILEIRAS S/A;BRASILEIRA;2020;6;REGULAR;755
AZU;AZUL LINHAS AÉREAS BRASILEIRAS S/A;BRASILEIRA;2020;6;REGULAR;1932
AZU;AZUL LINHAS AÉREAS BRASILEIRAS S/A;BRASILEIRA;2020;6;REGULAR;2145
AZU;AZUL LINHAS AÉREAS BRASILEIRAS S/A;BRASILEIRA;2020;6;REGULAR;1719
AZU;AZUL LINHAS AÉREAS BRASILEIRAS S/A;BRASILEIRA;2020;6;REGULAR;539
AZU;AZUL LINHAS AÉREAS BRASILEIRAS S/A;BRASILEIRA;2020;6;REGULAR;6102
AZU;AZUL LINHAS AÉREAS BRASILEIRAS S/A;BRASILEIRA;2020;6;REGULAR;6718
AZU;AZUL LINHAS AÉREAS BRASILEIRAS S/A;BRASILEIRA;2020;6;REGULAR;733
AZU;AZUL LINHAS AÉREAS BRASILEIRAS S/A;BRASILEIRA;2020;6;REGULAR;12013
AZU;AZUL LINHAS AÉREAS BRASILEIRAS S/A;BRASILEIRA;2020;6;REGULAR;4363
AZU;AZUL LINHAS AÉREAS BRASILEIRAS S/A;BRASILEIRA;2020;6;REGULAR;822
AZU;AZUL LINHAS AÉREAS BRASILEIRAS S/A;BRASILEIRA;2020;6;REGULAR;11648
AZU;AZUL LINHAS AÉREAS BRASILEIRAS S/A;BRASILEIRA;2020;6;REGULAR;6580
AZU;AZUL LINHAS AÉREAS BRASILEIRAS S/A;BRASILEIRA;2020;6;REGULAR;4582
AZU;AZUL LINHAS AÉREAS BRASILEIRAS S/A;BRASILEIRA;2020;6;REGULAR;2001
AZU;AZUL LINHAS AÉREAS BRASILEIRAS S/A;BRASILEIRA;2020;6;REGULAR;6722
AZU;AZUL LINHAS AÉREAS BRASILEIRAS S/A;BRASILEIRA;2020;6;REGULAR;2023
AZU;AZUL LINHAS AÉREAS BRASILEIRAS S/A;BRASILEIRA;2020;6;REGULAR;154
AZU;AZUL LINHAS AÉREAS BRASILEIRAS S/A;BRASILEIRA;2020;6;REGULAR;5589
AZU;AZUL LINHAS AÉREAS BRASILEIRAS S/A;BRASILEIRA;2020;6;REGULAR;1747
AZU;AZUL LINHAS AÉREAS BRASILEIRAS S/A;BRASILEIRA;2020;6;REGULAR;789
AZU;AZUL LINHAS AÉREAS BRASILEIRAS S/A;BRASILEIRA;2020;6;REGULAR;3626
AZU;AZUL LINHAS AÉREAS BRASILEIRAS S/A;BRASILEIRA;2020;6;REGULAR;11744
AZU;AZUL LINHAS AÉREAS BRASILEIRAS S/A;BRASILEIRA;2020;6;REGULAR;1069
AZU;AZUL LINHAS AÉREAS BRASILEIRAS S/A;BRASILEIRA;2020;6;REGULAR;2308
AZU;AZUL LINHAS AÉREAS BRASILEIRAS S/A;BRASILEIRA;2020;6;REGULAR;176
AZU;AZUL LINHAS AÉREAS BRASILEIRAS S/A;BRASILEIRA;2020;6;REGULAR;12962
AZU;AZUL LINHAS AÉREAS BRASILEIRAS S/A;BRASILEIRA;2020;6;REGULAR;11763
AZU;AZUL LINHAS AÉREAS BRASILEIRAS S/A;BRASILEIRA;2020;6;REGULAR;771
AZU;AZUL LINHAS AÉREAS BRASILEIRAS S/A;BRASILEIRA;2020;6;REGULAR;1306
AZU;AZUL LINHAS AÉREAS BRASILEIRAS S/A;BRASILEIRA;2020;6;REGULAR;6352
AZU;AZUL LINHAS AÉREAS BRASILEIRAS S/A;BRASILEIRA;2020;6;REGULAR;3508
AZU;AZUL LINHAS AÉREAS BRASILEIRAS S/A;BRASILEIRA;2020;6;REGULAR;1001
AZU;AZUL LINHAS AÉREAS BRASILEIRAS S/A;BRASILEIRA;2020;6;REGULAR;4894
AZU;AZUL LINHAS AÉREAS BRASILEIRAS S/A;BRASILEIRA;2020;6;REGULAR;1639
AZU;AZUL LINHAS AÉREAS BRASILEIRAS S/A;BRASILEIRA;2020;6;REGULAR;1360
AZU;AZUL LINHAS AÉREAS BRASILEIRAS S/A;BRASILEIRA;2020;6;REGULAR;571
AZU;AZUL LINHAS AÉREAS BRASILEIRAS S/A;BRASILEIRA;2020;6;REGULAR;3133
AZU;AZUL LINHAS AÉREAS BRASILEIRAS S/A;BRASILEIRA;2020;6;REGULAR;964
AZU;AZUL LINHAS AÉREAS BRASILEIRAS S/A;BRASILEIRA;2020;6;REGULAR;3474
AZU;AZUL LINHAS AÉREAS BRASILEIRAS S/A;BRASILEIRA;2020;6;REGULAR;11200
AZU;AZUL LINHAS AÉREAS BRASILEIRAS S/A;BRASILEIRA;2020;6;REGULAR;1011
AZU;AZUL LINHAS AÉREAS BRASILEIRAS S/A;BRASILEIRA;2020;6;REGULAR;655
AZU;AZUL LINHAS AÉREAS BRASILEIRAS S/A;BRASILEIRA;2020;6;REGULAR;1229
AZU;AZUL LINHAS AÉREAS BRASILEIRAS S/A;BRASILEIRA;2020;6;REGULAR;1344
AZU;AZUL LINHAS AÉREAS BRASILEIRAS S/A;BRASILEIRA;2020;6;REGULAR;1732
AZU;AZUL LINHAS AÉREAS BRASILEIRAS S/A;BRASILEIRA;2020;6;REGULAR;2495
AZU;AZUL LINHAS AÉREAS BRASILEIRAS S/A;BRASILEIRA;2020;6;REGULAR;126
AZU;AZUL LINHAS AÉREAS BRASILEIRAS S/A;BRASILEIRA;2020;6;REGULAR;0
AZU;AZUL LINHAS AÉREAS BRASILEIRAS S/A;BRASILEIRA;2020;6;REGULAR;656
AZU;AZUL LINHAS AÉREAS BRASILEIRAS S/A;BRASILEIRA;2020;6;REGULAR;1317
AZU;AZUL LINHAS AÉREAS BRASILEIRAS S/A;BRASILEIRA;2020;6;REGULAR;1911
AZU;AZUL LINHAS AÉREAS BRASILEIRAS S/A;BRASILEIRA;2020;6;REGULAR;101
AZU;AZUL LINHAS AÉREAS BRASILEIRAS S/A;BRASILEIRA;2020;6;REGULAR;3661
AZU;AZUL LINHAS AÉREAS BRASILEIRAS S/A;BRASILEIRA;2020;6;REGULAR;2444
AZU;AZUL LINHAS AÉREAS BRASILEIRAS S/A;BRASILEIRA;2020;6;REGULAR;12621
AZU;AZUL LINHAS AÉREAS BRASILEIRAS S/A;BRASILEIRA;2020;6;REGULAR;1392
AZU;AZUL LINHAS AÉREAS BRASILEIRAS S/A;BRASILEIRA;2020;6;REGULAR;505
AZU;AZUL LINHAS AÉREAS BRASILEIRAS S/A;BRASILEIRA;2020;6;REGULAR;1491
AZU;AZUL LINHAS AÉREAS BRASILEIRAS S/A;BRASILEIRA;2020;6;REGULAR;321
AZU;AZUL LINHAS AÉREAS BRASILEIRAS S/A;BRASILEIRA;2020;6;REGULAR;1953
AZU;AZUL LINHAS AÉREAS BRASILEIRAS S/A;BRASILEIRA;2020;6;REGULAR;1342
AZU;AZUL LINHAS AÉREAS BRASILEIRAS S/A;BRASILEIRA;2020;6;REGULAR;505
AZU;AZUL LINHAS AÉREAS BRASILEIRAS S/A;BRASILEIRA;2020;6;REGULAR;2379
AZU;AZUL LINHAS AÉREAS BRASILEIRAS S/A;BRASILEIRA;2020;6;REGULAR;125
AZU;AZUL LINHAS AÉREAS BRASILEIRAS S/A;BRASILEIRA;2020;6;REGULAR;12387
AZU;AZUL LINHAS AÉREAS BRASILEIRAS S/A;BRASILEIRA;2020;6;REGULAR;632
AZU;AZUL LINHAS AÉREAS BRASILEIRAS S/A;BRASILEIRA;2020;6;REGULAR;2174
AZU;AZUL LINHAS AÉREAS BRASILEIRAS S/A;BRASILEIRA;2020;6;REGULAR;371
AZU;AZUL LINHAS AÉREAS BRASILEIRAS S/A;BRASILEIRA;2020;6;REGULAR;797
AZU;AZUL LINHAS AÉREAS BRASILEIRAS S/A;BRASILEIRA;2020;6;REGULAR;571
AZU;AZUL LINHAS AÉREAS BRASILEIRAS S/A;BRASILEIRA;2020;6;REGULAR;517
AZU;AZUL LINHAS AÉREAS BRASILEIRAS S/A;BRASILEIRA;2020;6;REGULAR;2697
AZU;AZUL LINHAS AÉREAS BRASILEIRAS S/A;BRASILEIRA;2020;6;REGULAR;1656
AZU;AZUL LINHAS AÉREAS BRASILEIRAS S/A;BRASILEIRA;2020;6;REGULAR;1667
AZU;AZUL LINHAS AÉREAS BRASILEIRAS S/A;BRASILEIRA;2020;6;REGULAR;247
AZU;AZUL LINHAS AÉREAS BRASILEIRAS S/A;BRASILEIRA;2020;6;REGULAR;2296
AZU;AZUL LINHAS AÉREAS BRASILEIRAS S/A;BRASILEIRA;2020;6;REGULAR;1270
AZU;AZUL LINHAS AÉREAS BRASILEIRAS S/A;BRASILEIRA;2020;6;REGULAR;2326
AZU;AZUL LINHAS AÉREAS BRASILEIRAS S/A;BRASILEIRA;2020;6;REGULAR;1803
AZU;AZUL LINHAS AÉREAS BRASILEIRAS S/A;BRASILEIRA;2020;6;REGULAR;1166
AZU;AZUL LINHAS AÉREAS BRASILEIRAS S/A;BRASILEIRA;2020;6;REGULAR;6463
AZU;AZUL LINHAS AÉREAS BRASILEIRAS S/A;BRASILEIRA;2020;6;REGULAR;1463
AZU;AZUL LINHAS AÉREAS BRASILEIRAS S/A;BRASILEIRA;2020;6;REGULAR;3293
AZU;AZUL LINHAS AÉREAS BRASILEIRAS S/A;BRASILEIRA;2020;6;REGULAR;954
AZU;AZUL LINHAS AÉREAS BRASILEIRAS S/A;BRASILEIRA;2020;6;REGULAR;867
AZU;AZUL LINHAS AÉREAS BRASILEIRAS S/A;BRASILEIRA;2020;6;REGULAR;1493
AZU;AZUL LINHAS AÉREAS BRASILEIRAS S/A;BRASILEIRA;2020;6;REGULAR;4898
AZU;AZUL LINHAS AÉREAS BRASILEIRAS S/A;BRASILEIRA;2020;6;REGULAR;385
AZU;AZUL LINHAS AÉREAS BRASILEIRAS S/A;BRASILEIRA;2020;6;REGULAR;1341
AZU;AZUL LINHAS AÉREAS BRASILEIRAS S/A;BRASILEIRA;2020;7;REGULAR;2079
AZU;AZUL LINHAS AÉREAS BRASILEIRAS S/A;BRASILEIRA;2020;7;REGULAR;2759
AZU;AZUL LINHAS AÉREAS BRASILEIRAS S/A;BRASILEIRA;2020;7;REGULAR;901
AZU;AZUL LINHAS AÉREAS BRASILEIRAS S/A;BRASILEIRA;2020;7;REGULAR;1652
AZU;AZUL LINHAS AÉREAS BRASILEIRAS S/A;BRASILEIRA;2020;7;REGULAR;1
AZU;AZUL LINHAS AÉREAS BRASILEIRAS S/A;BRASILEIRA;2020;7;REGULAR;573
AZU;AZUL LINHAS AÉREAS BRASILEIRAS S/A;BRASILEIRA;2020;7;REGULAR;1030
AZU;AZUL LINHAS AÉREAS BRASILEIRAS S/A;BRASILEIRA;2020;7;REGULAR;3605
AZU;AZUL LINHAS AÉREAS BRASILEIRAS S/A;BRASILEIRA;2020;7;REGULAR;671
AZU;AZUL LINHAS AÉREAS BRASILEIRAS S/A;BRASILEIRA;2020;7;REGULAR;1315
AZU;AZUL LINHAS AÉREAS BRASILEIRAS S/A;BRASILEIRA;2020;7;REGULAR;4999
AZU;AZUL LINHAS AÉREAS BRASILEIRAS S/A;BRASILEIRA;2020;7;REGULAR;1857
AZU;AZUL LINHAS AÉREAS BRASILEIRAS S/A;BRASILEIRA;2020;7;REGULAR;3841
AZU;AZUL LINHAS AÉREAS BRASILEIRAS S/A;BRASILEIRA;2020;7;REGULAR;2146
AZU;AZUL LINHAS AÉREAS BRASILEIRAS S/A;BRASILEIRA;2020;7;REGULAR;477
AZU;AZUL LINHAS AÉREAS BRASILEIRAS S/A;BRASILEIRA;2020;7;REGULAR;2861
AZU;AZUL LINHAS AÉREAS BRASILEIRAS S/A;BRASILEIRA;2020;7;REGULAR;977
AZU;AZUL LINHAS AÉREAS BRASILEIRAS S/A;BRASILEIRA;2020;7;REGULAR;89
AZU;AZUL LINHAS AÉREAS BRASILEIRAS S/A;BRASILEIRA;2020;7;REGULAR;9699
AZU;AZUL LINHAS AÉREAS BRASILEIRAS S/A;BRASILEIRA;2020;7;REGULAR;2246
AZU;AZUL LINHAS AÉREAS BRASILEIRAS S/A;BRASILEIRA;2020;7;REGULAR;507
AZU;AZUL LINHAS AÉREAS BRASILEIRAS S/A;BRASILEIRA;2020;7;REGULAR;928
AZU;AZUL LINHAS AÉREAS BRASILEIRAS S/A;BRASILEIRA;2020;7;REGULAR;1157
AZU;AZUL LINHAS AÉREAS BRASILEIRAS S/A;BRASILEIRA;2020;7;REGULAR;3751
AZU;AZUL LINHAS AÉREAS BRASILEIRAS S/A;BRASILEIRA;2020;7;REGULAR;941
AZU;AZUL LINHAS AÉREAS BRASILEIRAS S/A;BRASILEIRA;2020;7;REGULAR;2193
AZU;AZUL LINHAS AÉREAS BRASILEIRAS S/A;BRASILEIRA;2020;7;REGULAR;0
AZU;AZUL LINHAS AÉREAS BRASILEIRAS S/A;BRASILEIRA;2020;7;REGULAR;2764
AZU;AZUL LINHAS AÉREAS BRASILEIRAS S/A;BRASILEIRA;2020;7;REGULAR;15495
AZU;AZUL LINHAS AÉREAS BRASILEIRAS S/A;BRASILEIRA;2020;7;REGULAR;1194
AZU;AZUL LINHAS AÉREAS BRASILEIRAS S/A;BRASILEIRA;2020;7;REGULAR;768
AZU;AZUL LINHAS AÉREAS BRASILEIRAS S/A;BRASILEIRA;2020;7;REGULAR;3491
AZU;AZUL LINHAS AÉREAS BRASILEIRAS S/A;BRASILEIRA;2020;7;REGULAR;2770
AZU;AZUL LINHAS AÉREAS BRASILEIRAS S/A;BRASILEIRA;2020;7;REGULAR;4366
AZU;AZUL LINHAS AÉREAS BRASILEIRAS S/A;BRASILEIRA;2020;7;REGULAR;4703
AZU;AZUL LINHAS AÉREAS BRASILEIRAS S/A;BRASILEIRA;2020;7;REGULAR;1031
AZU;AZUL LINHAS AÉREAS BRASILEIRAS S/A;BRASILEIRA;2020;7;REGULAR;1471
AZU;AZUL LINHAS AÉREAS BRASILEIRAS S/A;BRASILEIRA;2020;7;REGULAR;2086
AZU;AZUL LINHAS AÉREAS BRASILEIRAS S/A;BRASILEIRA;2020;7;REGULAR;5
AZU;AZUL LINHAS AÉREAS BRASILEIRAS S/A;BRASILEIRA;2020;7;REGULAR;798
AZU;AZUL LINHAS AÉREAS BRASILEIRAS S/A;BRASILEIRA;2020;7;REGULAR;6051
AZU;AZUL LINHAS AÉREAS BRASILEIRAS S/A;BRASILEIRA;2020;7;REGULAR;973
AZU;AZUL LINHAS AÉREAS BRASILEIRAS S/A;BRASILEIRA;2020;7;REGULAR;1520
AZU;AZUL LINHAS AÉREAS BRASILEIRAS S/A;BRASILEIRA;2020;7;REGULAR;11866
AZU;AZUL LINHAS AÉREAS BRASILEIRAS S/A;BRASILEIRA;2020;7;REGULAR;613
AZU;AZUL LINHAS AÉREAS BRASILEIRAS S/A;BRASILEIRA;2020;7;REGULAR;103
AZU;AZUL LINHAS AÉREAS BRASILEIRAS S/A;BRASILEIRA;2020;7;REGULAR;2262
AZU;AZUL LINHAS AÉREAS BRASILEIRAS S/A;BRASILEIRA;2020;7;REGULAR;763
AZU;AZUL LINHAS AÉREAS BRASILEIRAS S/A;BRASILEIRA;2020;7;REGULAR;27
AZU;AZUL LINHAS AÉREAS BRASILEIRAS S/A;BRASILEIRA;2020;7;REGULAR;2272
AZU;AZUL LINHAS AÉREAS BRASILEIRAS S/A;BRASILEIRA;2020;7;REGULAR;11209
AZU;AZUL LINHAS AÉREAS BRASILEIRAS S/A;BRASILEIRA;2020;7;REGULAR;400
AZU;AZUL LINHAS AÉREAS BRASILEIRAS S/A;BRASILEIRA;2020;7;REGULAR;363
AZU;AZUL LINHAS AÉREAS BRASILEIRAS S/A;BRASILEIRA;2020;7;REGULAR;24
AZU;AZUL LINHAS AÉREAS BRASILEIRAS S/A;BRASILEIRA;2020;7;REGULAR;2102
AZU;AZUL LINHAS AÉREAS BRASILEIRAS S/A;BRASILEIRA;2020;7;REGULAR;387
AZU;AZUL LINHAS AÉREAS BRASILEIRAS S/A;BRASILEIRA;2020;7;REGULAR;567
AZU;AZUL LINHAS AÉREAS BRASILEIRAS S/A;BRASILEIRA;2020;7;REGULAR;918
AZU;AZUL LINHAS AÉREAS BRASILEIRAS S/A;BRASILEIRA;2020;7;REGULAR;34
AZU;AZUL LINHAS AÉREAS BRASILEIRAS S/A;BRASILEIRA;2020;7;REGULAR;8168
AZU;AZUL LINHAS AÉREAS BRASILEIRAS S/A;BRASILEIRA;2020;7;REGULAR;636
AZU;AZUL LINHAS AÉREAS BRASILEIRAS S/A;BRASILEIRA;2020;7;REGULAR;536
AZU;AZUL LINHAS AÉREAS BRASILEIRAS S/A;BRASILEIRA;2020;7;REGULAR;1227
AZU;AZUL LINHAS AÉREAS BRASILEIRAS S/A;BRASILEIRA;2020;7;REGULAR;2352
AZU;AZUL LINHAS AÉREAS BRASILEIRAS S/A;BRASILEIRA;2020;7;REGULAR;968
AZU;AZUL LINHAS AÉREAS BRASILEIRAS S/A;BRASILEIRA;2020;7;REGULAR;0
AZU;AZUL LINHAS AÉREAS BRASILEIRAS S/A;BRASILEIRA;2020;7;REGULAR;7703
AZU;AZUL LINHAS AÉREAS BRASILEIRAS S/A;BRASILEIRA;2020;7;REGULAR;0
AZU;AZUL LINHAS AÉREAS BRASILEIRAS S/A;BRASILEIRA;2020;7;REGULAR;177
AZU;AZUL LINHAS AÉREAS BRASILEIRAS S/A;BRASILEIRA;2020;7;REGULAR;0
AZU;AZUL LINHAS AÉREAS BRASILEIRAS S/A;BRASILEIRA;2020;7;REGULAR;3903
AZU;AZUL LINHAS AÉREAS BRASILEIRAS S/A;BRASILEIRA;2020;7;REGULAR;4429
AZU;AZUL LINHAS AÉREAS BRASILEIRAS S/A;BRASILEIRA;2020;7;REGULAR;8206
AZU;AZUL LINHAS AÉREAS BRASILEIRAS S/A;BRASILEIRA;2020;7;REGULAR;2502
AZU;AZUL LINHAS AÉREAS BRASILEIRAS S/A;BRASILEIRA;2020;7;REGULAR;25
AZU;AZUL LINHAS AÉREAS BRASILEIRAS S/A;BRASILEIRA;2020;7;REGULAR;2181
AZU;AZUL LINHAS AÉREAS BRASILEIRAS S/A;BRASILEIRA;2020;7;REGULAR;3937
AZU;AZUL LINHAS AÉREAS BRASILEIRAS S/A;BRASILEIRA;2020;7;REGULAR;6594
AZU;AZUL LINHAS AÉREAS BRASILEIRAS S/A;BRASILEIRA;2020;7;REGULAR;1379
AZU;AZUL LINHAS AÉREAS BRASILEIRAS S/A;BRASILEIRA;2020;7;REGULAR;1086
AZU;AZUL LINHAS AÉREAS BRASILEIRAS S/A;BRASILEIRA;2020;7;REGULAR;3259
AZU;AZUL LINHAS AÉREAS BRASILEIRAS S/A;BRASILEIRA;2020;7;REGULAR;1646
AZU;AZUL LINHAS AÉREAS BRASILEIRAS S/A;BRASILEIRA;2020;7;REGULAR;2101
AZU;AZUL LINHAS AÉREAS BRASILEIRAS S/A;BRASILEIRA;2020;7;REGULAR;1047
AZU;AZUL LINHAS AÉREAS BRASILEIRAS S/A;BRASILEIRA;2020;7;REGULAR;1228
AZU;AZUL LINHAS AÉREAS BRASILEIRAS S/A;BRASILEIRA;2020;7;REGULAR;5081
AZU;AZUL LINHAS AÉREAS BRASILEIRAS S/A;BRASILEIRA;2020;7;REGULAR;10036
AZU;AZUL LINHAS AÉREAS BRASILEIRAS S/A;BRASILEIRA;2020;7;REGULAR;983
AZU;AZUL LINHAS AÉREAS BRASILEIRAS S/A;BRASILEIRA;2020;7;REGULAR;15479
AZU;AZUL LINHAS AÉREAS BRASILEIRAS S/A;BRASILEIRA;2020;7;REGULAR;5544
AZU;AZUL LINHAS AÉREAS BRASILEIRAS S/A;BRASILEIRA;2020;7;REGULAR;1595
AZU;AZUL LINHAS AÉREAS BRASILEIRAS S/A;BRASILEIRA;2020;7;REGULAR;12193
AZU;AZUL LINHAS AÉREAS BRASILEIRAS S/A;BRASILEIRA;2020;7;REGULAR;10705
AZU;AZUL LINHAS AÉREAS BRASILEIRAS S/A;BRASILEIRA;2020;7;REGULAR;8288
AZU;AZUL LINHAS AÉREAS BRASILEIRAS S/A;BRASILEIRA;2020;7;REGULAR;2213
AZU;AZUL LINHAS AÉREAS BRASILEIRAS S/A;BRASILEIRA;2020;7;REGULAR;8425
AZU;AZUL LINHAS AÉREAS BRASILEIRAS S/A;BRASILEIRA;2020;7;REGULAR;4595
AZU;AZUL LINHAS AÉREAS BRASILEIRAS S/A;BRASILEIRA;2020;7;REGULAR;0
AZU;AZUL LINHAS AÉREAS BRASILEIRAS S/A;BRASILEIRA;2020;7;REGULAR;4878
AZU;AZUL LINHAS AÉREAS BRASILEIRAS S/A;BRASILEIRA;2020;7;REGULAR;2802
AZU;AZUL LINHAS AÉREAS BRASILEIRAS S/A;BRASILEIRA;2020;7;REGULAR;1182
AZU;AZUL LINHAS AÉREAS BRASILEIRAS S/A;BRASILEIRA;2020;7;REGULAR;998
AZU;AZUL LINHAS AÉREAS BRASILEIRAS S/A;BRASILEIRA;2020;7;REGULAR;6523
AZU;AZUL LINHAS AÉREAS BRASILEIRAS S/A;BRASILEIRA;2020;7;REGULAR;13476
AZU;AZUL LINHAS AÉREAS BRASILEIRAS S/A;BRASILEIRA;2020;7;REGULAR;1354
AZU;AZUL LINHAS AÉREAS BRASILEIRAS S/A;BRASILEIRA;2020;7;REGULAR;112
AZU;AZUL LINHAS AÉREAS BRASILEIRAS S/A;BRASILEIRA;2020;7;REGULAR;1505
AZU;AZUL LINHAS AÉREAS BRASILEIRAS S/A;BRASILEIRA;2020;7;REGULAR;68
AZU;AZUL LINHAS AÉREAS BRASILEIRAS S/A;BRASILEIRA;2020;7;REGULAR;13650
AZU;AZUL LINHAS AÉREAS BRASILEIRAS S/A;BRASILEIRA;2020;7;REGULAR;15231
AZU;AZUL LINHAS AÉREAS BRASILEIRAS S/A;BRASILEIRA;2020;7;REGULAR;2715
AZU;AZUL LINHAS AÉREAS BRASILEIRAS S/A;BRASILEIRA;2020;7;REGULAR;2628
AZU;AZUL LINHAS AÉREAS BRASILEIRAS S/A;BRASILEIRA;2020;7;REGULAR;6290
AZU;AZUL LINHAS AÉREAS BRASILEIRAS S/A;BRASILEIRA;2020;7;REGULAR;4109
AZU;AZUL LINHAS AÉREAS BRASILEIRAS S/A;BRASILEIRA;2020;7;REGULAR;1608
AZU;AZUL LINHAS AÉREAS BRASILEIRAS S/A;BRASILEIRA;2020;7;REGULAR;5963
AZU;AZUL LINHAS AÉREAS BRASILEIRAS S/A;BRASILEIRA;2020;7;REGULAR;2638
AZU;AZUL LINHAS AÉREAS BRASILEIRAS S/A;BRASILEIRA;2020;7;REGULAR;1940
AZU;AZUL LINHAS AÉREAS BRASILEIRAS S/A;BRASILEIRA;2020;7;REGULAR;1165
AZU;AZUL LINHAS AÉREAS BRASILEIRAS S/A;BRASILEIRA;2020;7;REGULAR;1162
AZU;AZUL LINHAS AÉREAS BRASILEIRAS S/A;BRASILEIRA;2020;7;REGULAR;1798
AZU;AZUL LINHAS AÉREAS BRASILEIRAS S/A;BRASILEIRA;2020;7;REGULAR;4438
AZU;AZUL LINHAS AÉREAS BRASILEIRAS S/A;BRASILEIRA;2020;7;REGULAR;1040
AZU;AZUL LINHAS AÉREAS BRASILEIRAS S/A;BRASILEIRA;2020;7;REGULAR;6619
AZU;AZUL LINHAS AÉREAS BRASILEIRAS S/A;BRASILEIRA;2020;7;REGULAR;4022
AZU;AZUL LINHAS AÉREAS BRASILEIRAS S/A;BRASILEIRA;2020;7;REGULAR;13998
AZU;AZUL LINHAS AÉREAS BRASILEIRAS S/A;BRASILEIRA;2020;7;REGULAR;1765
AZU;AZUL LINHAS AÉREAS BRASILEIRAS S/A;BRASILEIRA;2020;7;REGULAR;599
AZU;AZUL LINHAS AÉREAS BRASILEIRAS S/A;BRASILEIRA;2020;7;REGULAR;2131
AZU;AZUL LINHAS AÉREAS BRASILEIRAS S/A;BRASILEIRA;2020;7;REGULAR;2258
AZU;AZUL LINHAS AÉREAS BRASILEIRAS S/A;BRASILEIRA;2020;7;REGULAR;651
AZU;AZUL LINHAS AÉREAS BRASILEIRAS S/A;BRASILEIRA;2020;7;REGULAR;63
AZU;AZUL LINHAS AÉREAS BRASILEIRAS S/A;BRASILEIRA;2020;7;REGULAR;547
AZU;AZUL LINHAS AÉREAS BRASILEIRAS S/A;BRASILEIRA;2020;7;REGULAR;545
AZU;AZUL LINHAS AÉREAS BRASILEIRAS S/A;BRASILEIRA;2020;7;REGULAR;1357
AZU;AZUL LINHAS AÉREAS BRASILEIRAS S/A;BRASILEIRA;2020;7;REGULAR;378
AZU;AZUL LINHAS AÉREAS BRASILEIRAS S/A;BRASILEIRA;2020;7;REGULAR;86
AZU;AZUL LINHAS AÉREAS BRASILEIRAS S/A;BRASILEIRA;2020;7;REGULAR;1686
AZU;AZUL LINHAS AÉREAS BRASILEIRAS S/A;BRASILEIRA;2020;7;REGULAR;1976
AZU;AZUL LINHAS AÉREAS BRASILEIRAS S/A;BRASILEIRA;2020;7;REGULAR;2138
AZU;AZUL LINHAS AÉREAS BRASILEIRAS S/A;BRASILEIRA;2020;7;REGULAR;3251
AZU;AZUL LINHAS AÉREAS BRASILEIRAS S/A;BRASILEIRA;2020;7;REGULAR;264
AZU;AZUL LINHAS AÉREAS BRASILEIRAS S/A;BRASILEIRA;2020;7;REGULAR;4596
AZU;AZUL LINHAS AÉREAS BRASILEIRAS S/A;BRASILEIRA;2020;7;REGULAR;174
AZU;AZUL LINHAS AÉREAS BRASILEIRAS S/A;BRASILEIRA;2020;7;REGULAR;5861
AZU;AZUL LINHAS AÉREAS BRASILEIRAS S/A;BRASILEIRA;2020;7;REGULAR;990
AZU;AZUL LINHAS AÉREAS BRASILEIRAS S/A;BRASILEIRA;2020;7;REGULAR;3252
AZU;AZUL LINHAS AÉREAS BRASILEIRAS S/A;BRASILEIRA;2020;7;REGULAR;14119
AZU;AZUL LINHAS AÉREAS BRASILEIRAS S/A;BRASILEIRA;2020;7;REGULAR;1770
AZU;AZUL LINHAS AÉREAS BRASILEIRAS S/A;BRASILEIRA;2020;7;REGULAR;2198
AZU;AZUL LINHAS AÉREAS BRASILEIRAS S/A;BRASILEIRA;2020;7;REGULAR;3655
AZU;AZUL LINHAS AÉREAS BRASILEIRAS S/A;BRASILEIRA;2020;7;REGULAR;1762
AZU;AZUL LINHAS AÉREAS BRASILEIRAS S/A;BRASILEIRA;2020;7;REGULAR;2956
AZU;AZUL LINHAS AÉREAS BRASILEIRAS S/A;BRASILEIRA;2020;7;REGULAR;130
AZU;AZUL LINHAS AÉREAS BRASILEIRAS S/A;BRASILEIRA;2020;7;REGULAR;4022
AZU;AZUL LINHAS AÉREAS BRASILEIRAS S/A;BRASILEIRA;2020;7;REGULAR;2696
AZU;AZUL LINHAS AÉREAS BRASILEIRAS S/A;BRASILEIRA;2020;7;REGULAR;2379
AZU;AZUL LINHAS AÉREAS BRASILEIRAS S/A;BRASILEIRA;2020;7;REGULAR;457
AZU;AZUL LINHAS AÉREAS BRASILEIRAS S/A;BRASILEIRA;2020;7;REGULAR;2839
AZU;AZUL LINHAS AÉREAS BRASILEIRAS S/A;BRASILEIRA;2020;7;REGULAR;13
AZU;AZUL LINHAS AÉREAS BRASILEIRAS S/A;BRASILEIRA;2020;7;REGULAR;14649
AZU;AZUL LINHAS AÉREAS BRASILEIRAS S/A;BRASILEIRA;2020;7;REGULAR;1433
AZU;AZUL LINHAS AÉREAS BRASILEIRAS S/A;BRASILEIRA;2020;7;REGULAR;3359
AZU;AZUL LINHAS AÉREAS BRASILEIRAS S/A;BRASILEIRA;2020;7;REGULAR;4878
AZU;AZUL LINHAS AÉREAS BRASILEIRAS S/A;BRASILEIRA;2020;7;REGULAR;410
AZU;AZUL LINHAS AÉREAS BRASILEIRAS S/A;BRASILEIRA;2020;7;REGULAR;2746
AZU;AZUL LINHAS AÉREAS BRASILEIRAS S/A;BRASILEIRA;2020;7;REGULAR;1889
AZU;AZUL LINHAS AÉREAS BRASILEIRAS S/A;BRASILEIRA;2020;7;REGULAR;2151
AZU;AZUL LINHAS AÉREAS BRASILEIRAS S/A;BRASILEIRA;2020;7;REGULAR;578
AZU;AZUL LINHAS AÉREAS BRASILEIRAS S/A;BRASILEIRA;2020;7;REGULAR;3898
AZU;AZUL LINHAS AÉREAS BRASILEIRAS S/A;BRASILEIRA;2020;7;REGULAR;2964
AZU;AZUL LINHAS AÉREAS BRASILEIRAS S/A;BRASILEIRA;2020;7;REGULAR;2880
AZU;AZUL LINHAS AÉREAS BRASILEIRAS S/A;BRASILEIRA;2020;7;REGULAR;187
AZU;AZUL LINHAS AÉREAS BRASILEIRAS S/A;BRASILEIRA;2020;7;REGULAR;4843
AZU;AZUL LINHAS AÉREAS BRASILEIRAS S/A;BRASILEIRA;2020;7;REGULAR;297
AZU;AZUL LINHAS AÉREAS BRASILEIRAS S/A;BRASILEIRA;2020;7;REGULAR;4305
AZU;AZUL LINHAS AÉREAS BRASILEIRAS S/A;BRASILEIRA;2020;7;REGULAR;5113
AZU;AZUL LINHAS AÉREAS BRASILEIRAS S/A;BRASILEIRA;2020;7;REGULAR;2591
AZU;AZUL LINHAS AÉREAS BRASILEIRAS S/A;BRASILEIRA;2020;7;REGULAR;1041
AZU;AZUL LINHAS AÉREAS BRASILEIRAS S/A;BRASILEIRA;2020;7;REGULAR;6794
AZU;AZUL LINHAS AÉREAS BRASILEIRAS S/A;BRASILEIRA;2020;7;REGULAR;2770
AZU;AZUL LINHAS AÉREAS BRASILEIRAS S/A;BRASILEIRA;2020;7;REGULAR;4115
AZU;AZUL LINHAS AÉREAS BRASILEIRAS S/A;BRASILEIRA;2020;7;REGULAR;2098
AZU;AZUL LINHAS AÉREAS BRASILEIRAS S/A;BRASILEIRA;2020;7;REGULAR;203
AZU;AZUL LINHAS AÉREAS BRASILEIRAS S/A;BRASILEIRA;2020;7;REGULAR;279
AZU;AZUL LINHAS AÉREAS BRASILEIRAS S/A;BRASILEIRA;2020;7;REGULAR;1120
AZU;AZUL LINHAS AÉREAS BRASILEIRAS S/A;BRASILEIRA;2020;7;REGULAR;1762
AZU;AZUL LINHAS AÉREAS BRASILEIRAS S/A;BRASILEIRA;2020;7;REGULAR;1429
AZU;AZUL LINHAS AÉREAS BRASILEIRAS S/A;BRASILEIRA;2020;7;REGULAR;1987
AZU;AZUL LINHAS AÉREAS BRASILEIRAS S/A;BRASILEIRA;2020;7;REGULAR;5893
AZU;AZUL LINHAS AÉREAS BRASILEIRAS S/A;BRASILEIRA;2020;7;REGULAR;477
;;;;;;1367221
